Number,Topic,Link,DateTime
1,Как сделать фундамент для бани-бочки?,https://chelyabinsk.bani.ru.com/poleznye-statiy/kak-sdelat-fundament-dlya-bani-bochki/,2025-02-17 14:09:43
2,Печь в бане-бочке: печь с топкой через перегородку или на улицу — плюсы и минусы,https://chelyabinsk.bani.ru.com/poleznye-statiy/pech-v-bane-bochke-varianty-raspolozheniya/,2025-02-17 14:09:45
3,Правила эксплуатации бань-бочек,https://chelyabinsk.bani.ru.com/poleznye-statiy/pravila-ekspluatacii-bani-bochki-kak-prodlit-srok-sluzhby/,2025-02-17 14:09:46
4,Что нужно знать при покупке?,https://chelyabinsk.bani.ru.com/poleznye-statiy/chto-nuzhno-znat-pri-pokupke-bani-bochki/,2025-02-17 14:09:47
5,Эксплуатация бани-бочки зимой,https://chelyabinsk.bani.ru.com/poleznye-statiy/ekspluataciya-bani-bochki-zimoj/,2025-02-17 14:09:48
6,Почему покупатели выбирают Бани-бочки?,https://chelyabinsk.bani.ru.com/poleznye-statiy/pochemu-pokupateli-vybirajut-bani-bochki/,2025-02-17 14:09:49
7,Планировки и внутреннее устройство бань-бочек,https://chelyabinsk.bani.ru.com/poleznye-statiy/planirovki-i-vnutrennee-ustrojstvo-ban-bochek/,2025-02-17 14:09:50
8,Выбор материала при производстве и отделке бани-бочки,https://chelyabinsk.bani.ru.com/poleznye-statiy/vybor-materiala-pri-proizvodstve-i-otdelke-bani-bochki/,2025-02-17 14:09:52
9,"ТОП-15 причин, почему нужно выбирать бани Лукоморье",https://chelyabinsk.bani.ru.com/poleznye-statiy/pochemu-pokupateli-vybirajut-bani-lukomore/,2025-02-17 14:09:53
10,Популярные дополнения к бане,https://chelyabinsk.bani.ru.com/poleznye-statiy/populyarnye-dopolneniya-k-bane/,2025-02-17 14:09:55
11,Как топить баню-бочку?,https://chelyabinsk.bani.ru.com/poleznye-statiy/kak-topit-banju-bochku/,2025-02-17 14:09:57
12,Как устроена баня-бочка?,https://chelyabinsk.bani.ru.com/poleznye-statiy/kak-ustroena-banya-bochka/,2025-02-17 14:09:59
13,Как сделать баню-бочку своими руками?,https://chelyabinsk.bani.ru.com/poleznye-statiy/kak-sdelat-banju-bochku-svoimi-rukami/,2025-02-17 14:10:01
14,Баня-бочка по финской технологии,https://chelyabinsk.bani.ru.com/poleznye-statiy/banya-bochka-po-finskoj-tehnologii/,2025-02-17 14:10:03
15,Виды веников для бани и как правильно их запаривать?,https://chelyabinsk.bani.ru.com/poleznye-statiy/vidy-venikov-dlya-bani-i-kak-pravilno-ih-zaparivat/,2025-02-17 14:10:05
16,Полезна ли баня для здоровья?,https://chelyabinsk.bani.ru.com/poleznye-statiy/polezna-li-banya-dlya-zdorovya/,2025-02-17 14:10:06
17,Внешний вид бани: обработка и отделка,https://chelyabinsk.bani.ru.com/poleznye-statiy/vneshnij-vid-bani-obrabotka-i-otdelka/,2025-02-17 14:10:08
18,Сборка бани бочки на участке,https://chelyabinsk.bani.ru.com/poleznye-statiy/sborka-bani-bochki-na-uchastke/,2025-02-17 14:10:11
19,Финская и русская баня-бочка: в чем разница,https://chelyabinsk.bani.ru.com/poleznye-statiy/finskaya-i-russkaya-banya-v-chem-raznica/,2025-02-17 14:10:13
20,"Баня-бочка из кедра или ели, что лучше?",https://chelyabinsk.bani.ru.com/poleznye-statiy/banya-bochka-iz-kedra-ili-eli/,2025-02-17 14:10:15
21,Виды кровли для бани,https://chelyabinsk.bani.ru.com/poleznye-statiy/vidy-krovli-dlya-bani/,2025-02-17 14:10:16
22,Какой должна быть влажность бруса при строительстве бани?,https://chelyabinsk.bani.ru.com/poleznye-statiy/kakoj-dolzhna-byt-vlazhnost-brusa-pri-stroitelstve-bani/,2025-02-17 14:10:18
23,Печь для бани — какую выбрать?,https://chelyabinsk.bani.ru.com/poleznye-statiy/pech-dlya-bani/,2025-02-17 14:10:19
24,Вагонка для отделки бани,https://chelyabinsk.bani.ru.com/poleznye-statiy/vagonka-dlya-otdelki-bani/,2025-02-17 14:10:20
25,Преимущества деревянной бани,https://chelyabinsk.bani.ru.com/poleznye-statiy/derevyannye-bani/,2025-02-17 14:10:21
26,Основные требования по эксплуатации бань,https://chelyabinsk.bani.ru.com/poleznye-statiy/osnovnye-trebovaniya-po-ekspluatacii-ban/,2025-02-17 14:10:23
27,В чем разница между срощенной и обычной древесиной,https://chelyabinsk.bani.ru.com/poleznye-statiy/v-chem-raznica-mezhdu-sroshhennoj-i-obychnoj-drevesinoj/,2025-02-17 14:10:25
28,Секреты создания легкого и приятного пара,https://chelyabinsk.bani.ru.com/kak-sozdat-legkij-i-priyatnyj-par-v-bane-bochke/,2025-02-17 14:10:26
1,Как сделать фундамент для бани-бочки?,https://chelyabinsk.bani.ru.com/poleznye-statiy/kak-sdelat-fundament-dlya-bani-bochki/,2025-02-17 14:13:19
2,Печь в бане-бочке: печь с топкой через перегородку или на улицу — плюсы и минусы,https://chelyabinsk.bani.ru.com/poleznye-statiy/pech-v-bane-bochke-varianty-raspolozheniya/,2025-02-17 14:13:19
3,Правила эксплуатации бань-бочек,https://chelyabinsk.bani.ru.com/poleznye-statiy/pravila-ekspluatacii-bani-bochki-kak-prodlit-srok-sluzhby/,2025-02-17 14:13:19
4,Что нужно знать при покупке?,https://chelyabinsk.bani.ru.com/poleznye-statiy/chto-nuzhno-znat-pri-pokupke-bani-bochki/,2025-02-17 14:13:19
5,Эксплуатация бани-бочки зимой,https://chelyabinsk.bani.ru.com/poleznye-statiy/ekspluataciya-bani-bochki-zimoj/,2025-02-17 14:13:19
6,Почему покупатели выбирают Бани-бочки?,https://chelyabinsk.bani.ru.com/poleznye-statiy/pochemu-pokupateli-vybirajut-bani-bochki/,2025-02-17 14:13:19
7,Планировки и внутреннее устройство бань-бочек,https://chelyabinsk.bani.ru.com/poleznye-statiy/planirovki-i-vnutrennee-ustrojstvo-ban-bochek/,2025-02-17 14:13:19
8,Выбор материала при производстве и отделке бани-бочки,https://chelyabinsk.bani.ru.com/poleznye-statiy/vybor-materiala-pri-proizvodstve-i-otdelke-bani-bochki/,2025-02-17 14:13:19
9,"ТОП-15 причин, почему нужно выбирать бани Лукоморье",https://chelyabinsk.bani.ru.com/poleznye-statiy/pochemu-pokupateli-vybirajut-bani-lukomore/,2025-02-17 14:13:19
10,Популярные дополнения к бане,https://chelyabinsk.bani.ru.com/poleznye-statiy/populyarnye-dopolneniya-k-bane/,2025-02-17 14:13:19
11,Как топить баню-бочку?,https://chelyabinsk.bani.ru.com/poleznye-statiy/kak-topit-banju-bochku/,2025-02-17 14:13:19
12,Как устроена баня-бочка?,https://chelyabinsk.bani.ru.com/poleznye-statiy/kak-ustroena-banya-bochka/,2025-02-17 14:13:19
13,Как сделать баню-бочку своими руками?,https://chelyabinsk.bani.ru.com/poleznye-statiy/kak-sdelat-banju-bochku-svoimi-rukami/,2025-02-17 14:13:19
14,Баня-бочка по финской технологии,https://chelyabinsk.bani.ru.com/poleznye-statiy/banya-bochka-po-finskoj-tehnologii/,2025-02-17 14:13:19
15,Виды веников для бани и как правильно их запаривать?,https://chelyabinsk.bani.ru.com/poleznye-statiy/vidy-venikov-dlya-bani-i-kak-pravilno-ih-zaparivat/,2025-02-17 14:13:19
16,Полезна ли баня для здоровья?,https://chelyabinsk.bani.ru.com/poleznye-statiy/polezna-li-banya-dlya-zdorovya/,2025-02-17 14:13:19
17,Внешний вид бани: обработка и отделка,https://chelyabinsk.bani.ru.com/poleznye-statiy/vneshnij-vid-bani-obrabotka-i-otdelka/,2025-02-17 14:13:19
18,Сборка бани бочки на участке,https://chelyabinsk.bani.ru.com/poleznye-statiy/sborka-bani-bochki-na-uchastke/,2025-02-17 14:13:19
19,Финская и русская баня-бочка: в чем разница,https://chelyabinsk.bani.ru.com/poleznye-statiy/finskaya-i-russkaya-banya-v-chem-raznica/,2025-02-17 14:13:19
20,"Баня-бочка из кедра или ели, что лучше?",https://chelyabinsk.bani.ru.com/poleznye-statiy/banya-bochka-iz-kedra-ili-eli/,2025-02-17 14:13:19
21,Виды кровли для бани,https://chelyabinsk.bani.ru.com/poleznye-statiy/vidy-krovli-dlya-bani/,2025-02-17 14:13:19
22,Какой должна быть влажность бруса при строительстве бани?,https://chelyabinsk.bani.ru.com/poleznye-statiy/kakoj-dolzhna-byt-vlazhnost-brusa-pri-stroitelstve-bani/,2025-02-17 14:13:19
23,Печь для бани — какую выбрать?,https://chelyabinsk.bani.ru.com/poleznye-statiy/pech-dlya-bani/,2025-02-17 14:13:19
24,Вагонка для отделки бани,https://chelyabinsk.bani.ru.com/poleznye-statiy/vagonka-dlya-otdelki-bani/,2025-02-17 14:13:19
25,Преимущества деревянной бани,https://chelyabinsk.bani.ru.com/poleznye-statiy/derevyannye-bani/,2025-02-17 14:13:19
26,Основные требования по эксплуатации бань,https://chelyabinsk.bani.ru.com/poleznye-statiy/osnovnye-trebovaniya-po-ekspluatacii-ban/,2025-02-17 14:13:19
27,В чем разница между срощенной и обычной древесиной,https://chelyabinsk.bani.ru.com/poleznye-statiy/v-chem-raznica-mezhdu-sroshhennoj-i-obychnoj-drevesinoj/,2025-02-17 14:13:19
28,Секреты создания легкого и приятного пара,https://chelyabinsk.bani.ru.com/kak-sozdat-legkij-i-priyatnyj-par-v-bane-bochke/,2025-02-17 14:13:19
1,Как сделать фундамент для бани-бочки?,https://chelyabinsk.bani.ru.com/poleznye-statiy/kak-sdelat-fundament-dlya-bani-bochki/,2025-02-17 20:03:30
2,Печь в бане-бочке: печь с топкой через перегородку или на улицу — плюсы и минусы,https://chelyabinsk.bani.ru.com/poleznye-statiy/pech-v-bane-bochke-varianty-raspolozheniya/,2025-02-17 20:03:31
3,Правила эксплуатации бань-бочек,https://chelyabinsk.bani.ru.com/poleznye-statiy/pravila-ekspluatacii-bani-bochki-kak-prodlit-srok-sluzhby/,2025-02-17 20:03:31
4,Что нужно знать при покупке?,https://chelyabinsk.bani.ru.com/poleznye-statiy/chto-nuzhno-znat-pri-pokupke-bani-bochki/,2025-02-17 20:03:31
5,Эксплуатация бани-бочки зимой,https://chelyabinsk.bani.ru.com/poleznye-statiy/ekspluataciya-bani-bochki-zimoj/,2025-02-17 20:03:31
6,Почему покупатели выбирают Бани-бочки?,https://chelyabinsk.bani.ru.com/poleznye-statiy/pochemu-pokupateli-vybirajut-bani-bochki/,2025-02-17 20:03:31
7,Планировки и внутреннее устройство бань-бочек,https://chelyabinsk.bani.ru.com/poleznye-statiy/planirovki-i-vnutrennee-ustrojstvo-ban-bochek/,2025-02-17 20:03:31
8,Выбор материала при производстве и отделке бани-бочки,https://chelyabinsk.bani.ru.com/poleznye-statiy/vybor-materiala-pri-proizvodstve-i-otdelke-bani-bochki/,2025-02-17 20:03:31
9,"ТОП-15 причин, почему нужно выбирать бани Лукоморье",https://chelyabinsk.bani.ru.com/poleznye-statiy/pochemu-pokupateli-vybirajut-bani-lukomore/,2025-02-17 20:03:31
10,Популярные дополнения к бане,https://chelyabinsk.bani.ru.com/poleznye-statiy/populyarnye-dopolneniya-k-bane/,2025-02-17 20:03:31
11,Как топить баню-бочку?,https://chelyabinsk.bani.ru.com/poleznye-statiy/kak-topit-banju-bochku/,2025-02-17 20:03:31
12,Как устроена баня-бочка?,https://chelyabinsk.bani.ru.com/poleznye-statiy/kak-ustroena-banya-bochka/,2025-02-17 20:03:31
13,Как сделать баню-бочку своими руками?,https://chelyabinsk.bani.ru.com/poleznye-statiy/kak-sdelat-banju-bochku-svoimi-rukami/,2025-02-17 20:03:31
14,Баня-бочка по финской технологии,https://chelyabinsk.bani.ru.com/poleznye-statiy/banya-bochka-po-finskoj-tehnologii/,2025-02-17 20:03:31
15,Виды веников для бани и как правильно их запаривать?,https://chelyabinsk.bani.ru.com/poleznye-statiy/vidy-venikov-dlya-bani-i-kak-pravilno-ih-zaparivat/,2025-02-17 20:03:31
16,Полезна ли баня для здоровья?,https://chelyabinsk.bani.ru.com/poleznye-statiy/polezna-li-banya-dlya-zdorovya/,2025-02-17 20:03:31
17,Внешний вид бани: обработка и отделка,https://chelyabinsk.bani.ru.com/poleznye-statiy/vneshnij-vid-bani-obrabotka-i-otdelka/,2025-02-17 20:03:31
18,Сборка бани бочки на участке,https://chelyabinsk.bani.ru.com/poleznye-statiy/sborka-bani-bochki-na-uchastke/,2025-02-17 20:03:31
19,Финская и русская баня-бочка: в чем разница,https://chelyabinsk.bani.ru.com/poleznye-statiy/finskaya-i-russkaya-banya-v-chem-raznica/,2025-02-17 20:03:31
20,"Баня-бочка из кедра или ели, что лучше?",https://chelyabinsk.bani.ru.com/poleznye-statiy/banya-bochka-iz-kedra-ili-eli/,2025-02-17 20:03:31
21,Виды кровли для бани,https://chelyabinsk.bani.ru.com/poleznye-statiy/vidy-krovli-dlya-bani/,2025-02-17 20:03:31
22,Какой должна быть влажность бруса при строительстве бани?,https://chelyabinsk.bani.ru.com/poleznye-statiy/kakoj-dolzhna-byt-vlazhnost-brusa-pri-stroitelstve-bani/,2025-02-17 20:03:31
23,Печь для бани — какую выбрать?,https://chelyabinsk.bani.ru.com/poleznye-statiy/pech-dlya-bani/,2025-02-17 20:03:31
24,Вагонка для отделки бани,https://chelyabinsk.bani.ru.com/poleznye-statiy/vagonka-dlya-otdelki-bani/,2025-02-17 20:03:31
25,Преимущества деревянной бани,https://chelyabinsk.bani.ru.com/poleznye-statiy/derevyannye-bani/,2025-02-17 20:03:31
26,Основные требования по эксплуатации бань,https://chelyabinsk.bani.ru.com/poleznye-statiy/osnovnye-trebovaniya-po-ekspluatacii-ban/,2025-02-17 20:03:31
27,В чем разница между срощенной и обычной древесиной,https://chelyabinsk.bani.ru.com/poleznye-statiy/v-chem-raznica-mezhdu-sroshhennoj-i-obychnoj-drevesinoj/,2025-02-17 20:03:31
28,Секреты создания легкого и приятного пара,https://chelyabinsk.bani.ru.com/kak-sozdat-legkij-i-priyatnyj-par-v-bane-bochke/,2025-02-17 20:03:31
1,Как сделать фундамент для бани-бочки?,https://chelyabinsk.bani.ru.com/poleznye-statiy/kak-sdelat-fundament-dlya-bani-bochki/,2025-02-17 20:14:59
2,Печь в бане-бочке: печь с топкой через перегородку или на улицу — плюсы и минусы,https://chelyabinsk.bani.ru.com/poleznye-statiy/pech-v-bane-bochke-varianty-raspolozheniya/,2025-02-17 20:15:01
3,Правила эксплуатации бань-бочек,https://chelyabinsk.bani.ru.com/poleznye-statiy/pravila-ekspluatacii-bani-bochki-kak-prodlit-srok-sluzhby/,2025-02-17 20:15:04
4,Что нужно знать при покупке?,https://chelyabinsk.bani.ru.com/poleznye-statiy/chto-nuzhno-znat-pri-pokupke-bani-bochki/,2025-02-17 20:15:05
5,Эксплуатация бани-бочки зимой,https://chelyabinsk.bani.ru.com/poleznye-statiy/ekspluataciya-bani-bochki-zimoj/,2025-02-17 20:15:06
6,Почему покупатели выбирают Бани-бочки?,https://chelyabinsk.bani.ru.com/poleznye-statiy/pochemu-pokupateli-vybirajut-bani-bochki/,2025-02-17 20:15:07
7,Планировки и внутреннее устройство бань-бочек,https://chelyabinsk.bani.ru.com/poleznye-statiy/planirovki-i-vnutrennee-ustrojstvo-ban-bochek/,2025-02-17 20:15:09
8,Выбор материала при производстве и отделке бани-бочки,https://chelyabinsk.bani.ru.com/poleznye-statiy/vybor-materiala-pri-proizvodstve-i-otdelke-bani-bochki/,2025-02-17 20:15:10
9,"ТОП-15 причин, почему нужно выбирать бани Лукоморье",https://chelyabinsk.bani.ru.com/poleznye-statiy/pochemu-pokupateli-vybirajut-bani-lukomore/,2025-02-17 20:15:12
10,Популярные дополнения к бане,https://chelyabinsk.bani.ru.com/poleznye-statiy/populyarnye-dopolneniya-k-bane/,2025-02-17 20:15:14
11,Как топить баню-бочку?,https://chelyabinsk.bani.ru.com/poleznye-statiy/kak-topit-banju-bochku/,2025-02-17 20:15:16
12,Как устроена баня-бочка?,https://chelyabinsk.bani.ru.com/poleznye-statiy/kak-ustroena-banya-bochka/,2025-02-17 20:15:18
13,Как сделать баню-бочку своими руками?,https://chelyabinsk.bani.ru.com/poleznye-statiy/kak-sdelat-banju-bochku-svoimi-rukami/,2025-02-17 20:15:20
14,Баня-бочка по финской технологии,https://chelyabinsk.bani.ru.com/poleznye-statiy/banya-bochka-po-finskoj-tehnologii/,2025-02-17 20:15:21
15,Виды веников для бани и как правильно их запаривать?,https://chelyabinsk.bani.ru.com/poleznye-statiy/vidy-venikov-dlya-bani-i-kak-pravilno-ih-zaparivat/,2025-02-17 20:15:22
16,Полезна ли баня для здоровья?,https://chelyabinsk.bani.ru.com/poleznye-statiy/polezna-li-banya-dlya-zdorovya/,2025-02-17 20:15:24
17,Внешний вид бани: обработка и отделка,https://chelyabinsk.bani.ru.com/poleznye-statiy/vneshnij-vid-bani-obrabotka-i-otdelka/,2025-02-17 20:15:25
18,Сборка бани бочки на участке,https://chelyabinsk.bani.ru.com/poleznye-statiy/sborka-bani-bochki-na-uchastke/,2025-02-17 20:15:27
19,Финская и русская баня-бочка: в чем разница,https://chelyabinsk.bani.ru.com/poleznye-statiy/finskaya-i-russkaya-banya-v-chem-raznica/,2025-02-17 20:15:28
20,"Баня-бочка из кедра или ели, что лучше?",https://chelyabinsk.bani.ru.com/poleznye-statiy/banya-bochka-iz-kedra-ili-eli/,2025-02-17 20:15:30
21,Виды кровли для бани,https://chelyabinsk.bani.ru.com/poleznye-statiy/vidy-krovli-dlya-bani/,2025-02-17 20:15:32
22,Какой должна быть влажность бруса при строительстве бани?,https://chelyabinsk.bani.ru.com/poleznye-statiy/kakoj-dolzhna-byt-vlazhnost-brusa-pri-stroitelstve-bani/,2025-02-17 20:15:33
23,Печь для бани — какую выбрать?,https://chelyabinsk.bani.ru.com/poleznye-statiy/pech-dlya-bani/,2025-02-17 20:15:34
24,Вагонка для отделки бани,https://chelyabinsk.bani.ru.com/poleznye-statiy/vagonka-dlya-otdelki-bani/,2025-02-17 20:15:36
25,Преимущества деревянной бани,https://chelyabinsk.bani.ru.com/poleznye-statiy/derevyannye-bani/,2025-02-17 20:15:37
26,Основные требования по эксплуатации бань,https://chelyabinsk.bani.ru.com/poleznye-statiy/osnovnye-trebovaniya-po-ekspluatacii-ban/,2025-02-17 20:15:39
27,В чем разница между срощенной и обычной древесиной,https://chelyabinsk.bani.ru.com/poleznye-statiy/v-chem-raznica-mezhdu-sroshhennoj-i-obychnoj-drevesinoj/,2025-02-17 20:15:41
28,Секреты создания легкого и приятного пара,https://chelyabinsk.bani.ru.com/kak-sozdat-legkij-i-priyatnyj-par-v-bane-bochke/,2025-02-17 20:15:42
