Number,Author,Date,Topic,Shorts,Link,DateTime
1,SLY_G,"2025-02-19, 19:35",Китай продемонстрировал первый в мире двусторонний интерфейс мозг-компьютер,"Китайские учёные разработали первый в мире двусторонний адаптивный интерфейс мозг-компьютер (ИМК), значительно повышающий эффективность технологии и открывающий путь к практическому применению. Согласно новому исследованию, система работает в 100 раз эффективность по сравнению с традиционными ИМК.Исследователи из Тяньцзиньского университета и Университета Цинхуа утверждают, что их инновацию вскоре можно будет интегрировать в носимые и портативные устройства для медицинского и потребительского использования.Эта система позволяет мозгу и машине учиться друг у друга, в отличие от традиционных ИМК, которые только декодируют сигналы мозга. Такое взаимодействие обеспечивает стабильную работу с течением времени, что является ключевым шагом на пути к повышению надёжности ИМК в повседневном применении.",https://vc.ru/ru/news/884022/,2025-02-19 20:17:18
2,daniilshat,"2025-02-19, 19:33",Apple представила iPhone 16e: процессор A18 и камера на 48 Мп за 599 долларов,"Apple представила iPhone 16e, который займёт место бюджетного SE. Смартфон получил корпус от iPhone 14, всего одну камеру на 48 Мп и процессор A18 с поддержкой Apple Intelligence. Продажи начнутся 28 февраля 2025 года.",https://vc.ru/ru/news/884028/,2025-02-19 20:17:19
3,Lexx_Nimofff,"2025-02-19, 18:57",Минцифры РФ предложило новые критерии для включения в реестр российского ПО,"Министерство цифрового развития, связи и массовых коммуникаций РФ разработало новые требования для отечественного ПО, уже внесённого в реестр и претендующего на включение. Как утверждает ведомство, изменения направлены на стимулирование разработчиков к повышению зрелости продуктов и упрощение перехода госкомпаний на российские решения.",https://vc.ru/ru/news/884026/,2025-02-19 20:17:20
4,mefdayy,"2025-02-19, 18:39",Логические модели OpenAI получили два полезных обновления,"Модели рассуждений OpenAI, o1 и o3-mini, являются полезными инструментами для тех, кто использует ChatGPT для более сложных задач, включая программирование, математику и даже многоэтапные текстовые задачи, такие как решение проблемы или составление маршрута. Чтобы сделать работу с программой более полезной, OpenAI внедрила небольшие, но важные обновления.",https://vc.ru/ru/companies/bothub/news/884024/,2025-02-19 20:17:22
5,mefdayy,"2025-02-19, 18:25",Alpha3D и MoonlanderAI объединяют усилия: революция в создании игр и 3D-приложений,"Alpha3D, платформа для создания 3D-ресурсов на основе AI, приобрела MoonlanderAI, платформу для разработки игр на основе AI.",https://vc.ru/ru/companies/bothub/news/884014/,2025-02-19 20:17:24
6,denis-19,"2025-02-19, 18:08",Грег Кроа-Хартман привёл убедительные доводы в пользу написания новых драйверов ядра Linux на Rust,"Сопровождающий разработчик стабильной ветки ядра Linux Грег Кроа-Хартман (Greg Kroah-Hartman) привёл убедительные доводы в пользу написания новых драйверов ядра Linux на языке программирования Rust. Кроа-Хартман является ярым сторонником добавления кода на Rust в ядро Linux. Он призвал ментейнеров проекта и разработчиков писать новый код для ядра и драйверов Linux на Rust, а не на C.",https://vc.ru/ru/news/884010/,2025-02-19 20:17:26
7,mefdayy,"2025-02-19, 17:59",Perplexity AI удаляет китайскую цензуру из Deepseek R1,"Компания Perplexity AI представила R1 1776 — модифицированную версию языковой модели Deepseek-R1, специально разработанную для преодоления китайской цензуры с помощью специализированных методов постобработки.",https://vc.ru/ru/companies/bothub/news/884004/,2025-02-19 20:17:27
8,ragequit,"2025-02-19, 17:01",Производители переходников 12V-2x6 для RTX 50 серии стали добавлять на свои кабели радиаторы,"На фоне сообщений об оплавлении кабелей дополнительного питания на видеокартах RTX 50 серии стали появляться различные решения данной проблемы.


При этом даже с учетом все увеличивающегося числа сообщений о проблемах с новыми картами Nvidia хранит стоическое молчание по данному вопросу, а за дело взялись производители переходников, которые используются для подключения линии 12V-2x6 от блока или с традиционных 6+2-разъемов питания GPU плат. Одним из решений стал монтаж радиатора пассивного охлаждения на переходник 12V-2x6 в месте подключения к видеокарте.",https://vc.ru/ru/companies/itsumma/news/320332/,2025-02-19 20:17:29
9,Travis_Macrif,"2025-02-19, 16:53","Власти США передумали увольнять более 1 тысячи сотрудников НАСА, находящихся на испытательном сроке","Белый дом США передумал увольнять более 1 тыс. сотрудников американского космического агентства, находящихся на испытательном сроке. Если бы меру реализовали, то НАСА лишилось бы около 6% персонала.",https://vc.ru/ru/news/883984/,2025-02-19 20:17:30
10,denis-19,"2025-02-19, 16:11",«Лаборатория Касперского» выпустила для обычных пользователей антивирус Kaspersky для Linux,"В середине февраля 2025 года «Лаборатория Касперского» выпустила для обычных пользователей антивирусное решение Kaspersky для Linux. Этот продукт является продолжением проекта корпоративной версии на базе решения Kaspersky Endpoint Security с защитой конфиденциальных и платёжных данных от киберугроз, в том числе от вредоносных программ, фишингаи скама. Kaspersky для Linux на ПК для домашнего использования поддерживает работу с дистрибутивами на базе Ubuntu, ALT Linux, Uncom и RedOS.",https://vc.ru/ru/news/883974/,2025-02-19 20:17:32
11,LizzieSimpson,"2025-02-19, 16:10",Пользователи смогут проверить на «Госуслугах» количество оформленных на них сим-карт,"На «Госуслугах» 1 апреля 2025 года появится сервис по проверке заключённых пользователем договоров с операторами связи, рассказал глава Минцифры Максут Шадаев.",https://vc.ru/ru/news/883972/,2025-02-19 20:17:33
12,Travis_Macrif,"2025-02-19, 16:09",Google получила разрешение продавать книги напрямую клиентам через приложение Google Play Books для iOS,"Корпорация Google сообщила о получении разрешения на продажу своих электронных книг и аудиокниг напрямую клиентам через своё приложение Google Play Books для iOS. Теперь пользователи смогут нажать на новую кнопку «Получить книгу» (Get Book) в приложении Google Play Books, которая направит на сайт Google Play для завершения покупки.",https://vc.ru/ru/news/883970/,2025-02-19 20:17:35
13,AnnieBronson,"2025-02-19, 16:03",Российские учёные работают над высокоточными ядерными часами,"Российские учёные представят новые ядерные часы высокой точности, которая позволит человечеству изучать ранее недоступные области. Экспериментальный образец устройства может появиться уже в 2030-2032 году.",https://vc.ru/ru/news/883968/,2025-02-19 20:17:36
14,LizzieSimpson,"2025-02-19, 16:00",Свыше 10 тыс. книг получили новые обложки в «Яндекс Книгах» благодаря нейросети,"Визуальная нейросеть YandexART создала обложки для произведений, которые перешли в статус общественного достояния. Цель — дать пользователям сервиса возможность увидеть классические произведения по‑новому и заново открыть их для себя, рассказали Хабру в пресс‑службе «Яндекса». Все книги серии можно найти в сервисе по тегу «бесплатно».",https://vc.ru/ru/news/883966/,2025-02-19 20:17:37
15,LizzieSimpson,"2025-02-19, 15:39","Российский рынок средств для защиты данных в 2024 году увеличился на 20%, достигнув 23 млрд рублей","В 2024 году объём российского рынка средств для защиты данных вырос на 20% и достиг 23 млрд рублей. Самый значительный рост инвестиций произошёл в сегментах средств реагирования на утечки информации (26%) и решений для контроля доступа (40%). Эксперты, опрошенные «Ъ», связывают это с усилением требований со стороны регуляторов, но предполагают, что в ближайшие годы спрос будет расти медленнее.",https://vc.ru/ru/news/883958/,2025-02-19 20:17:39
16,AnnieBronson,"2025-02-19, 15:37",ГК «Солар»: число вирусов-майнеров в системах госорганизаций выросло,"В четвёртом квартале 2024 года количество вирусов-майнеров в системах госструктур выросло на 9%. 27% всех инцидентов с вредоносным ПО приходится на криптовалютные майнеры, сообщают в ГК «Солар». Эти вирусы особенно распространены в сфере здравоохранения (24%) и образования (22%). В частном секторе их доля значительно ниже: от 2% в телекоммуникациях до 11% в пищевой отрасли.",https://vc.ru/ru/news/883956/,2025-02-19 20:17:41
17,Travis_Macrif,"2025-02-19, 15:11",Компания-разработчик Pokemon Go планирует продать своё игровое подразделение,"Компания-разработчик Pokemon Go, американская Niantic, ведёт переговоры о продаже своего игрового подразделения фирме Scopely, которая принадлежит Savvy Games из Саудовской Аравии. Об этом сообщило агентство Bloomberg со ссылкой на несколько источников.",https://vc.ru/ru/news/883950/,2025-02-19 20:17:43
18,ru_vds,"2025-02-19, 14:00",Лучшее за неделю (10.02 — 16.02),"Привет, Хабр! Сегодня расскажем про наш переход на RAID 10, инструменты современных кибератак, гражданскую сверхзвуковую авиацию и лучшие статьи прошлой недели: о биперной музыке на Arduino, создании собственного криптографического кода, игровом автомате Nimatron и многом другом.",https://vc.ru/ru/companies/ruvds/news/883840/,2025-02-19 20:17:45
19,Kate_Hill_2023,"2025-02-19, 13:59",Компания «Актив» представила новый продукт Guardant Chip,"Компания «Актив» объявляет о выпуске на рынок аппаратных ключей Guardant Chip для лицензирования и защиты умных устройств и оборудования. В отличие от USB-моделей, Guardant Chip интегрируются с помощью монтажа непосредственно на печатную плату в различных программно-аппаратных комплексах и оборудовании. Аппаратные ключи Guardant Chip позволяют защищать и лицензировать как программное обеспечение, так и умные устройства, внутри которых работает программный код: телекоммуникационное оборудование, промышленные станки, камеры наблюдения, медицинское оборудование и др. Благодаря форм-фактору, ключ размещается непосредственно на плате устройства, экономя место и повышая уровень защищенности. Такой подход позволяет защищать от реверс-инжиниринга и минимизировать риски утечки интеллектуальной собственности, а также лицензировать функциональность устройства на уровне ПО.",https://vc.ru/ru/companies/aktiv-company/news/883918/,2025-02-19 20:17:46
20,denis-19,"2025-02-19, 13:51",«Яндекс Музыка» запустила для каждого пользователя персональный рейтинг самых прослушиваемых артистов,"«Яндекс Музыка» запустила для каждого пользователя персональный рейтинг самых прослушиваемых артистов, сообщили Хабру в компании «Яндекс».",https://vc.ru/ru/news/883914/,2025-02-19 20:17:47
1,SLY_G,"2025-02-19, 22:15",Квантовые поиски источника времени не обнаружили разницы между прошлым и будущим,"В надежде обнаружить источник реки времени физики из Университета Суррея Томас Гуфф, Чинталпати Умашанкар Шастри и Андреа Рокко вели поиски в эквиваленте горячей квантовой ванны.Разумеется, они не нашли того, что искали, и подтвердили, что время течёт назад так же легко, как и вперёд, в гудящем квантовом вакууме. Тем не менее, выученные нами уроки могут однажды раскрыть, почему физика настаивает на существовании истории.Физика, по большому счёту, симметрична, когда речь идёт о времени. Возможно, мы никогда не увидим, как срастается разбитое яйцо или дуб превращается в жёлудь, но если свести большинство процессов к их фундаментальному уровню, то мало что будет диктовать, какая часть уравнения должна указывать в прошлое, а какая — в будущее.",https://habr.com/ru/companies/bothub/news/884024/,2025-02-19 22:19:49
2,AnnieBronson,"2025-02-19, 22:12",«Лаборатория Касперского»: злоумышленники заражали устройства пользователей майнером под видом игр-симуляторов,"Команда Kaspersky GReAT (Глобального центра исследований и анализа угроз «Лаборатории Касперского») обнаружила схему распространения троянских программ под видом бесплатных игр для ПК. Троянцы, которые загружали на заражённые устройства модифицированные версии криптомайнера XMRig, распространялись через торрент-трекеры.",https://habr.com/ru/companies/bothub/news/884024/,2025-02-19 22:19:51
3,cognitronn,"2025-02-19, 21:48","Muse от Microsoft: искусственный интеллект, обученный на данных игровых сессий","Исследователи Microsoft достигли того, что раньше казалось недостижимым: они научили искусственный интеллект понимать и взаимодействовать с трехмерными пространствами так, как это делают люди. Прорыв был достигнут с помощью модели под названием Muse, которая способна воспринимать и создавать сложные игровые сцены, соблюдая физические законы и корректное поведение персонажей.",https://habr.com/ru/companies/bothub/news/884024/,2025-02-19 22:19:53
4,cognitronn,"2025-02-19, 21:23",Почему AI-модели не могут конкурировать с фрилансерами-разработчиками: анализ OpenAI,"Модели больших языков (LLMs) уже изменили разработку программного обеспечения, однако компаниям стоит дважды подумать, прежде чем полностью заменять человеческих разработчиков программного обеспечения на LLM, несмотря на утверждение генерального директора OpenAI Сэма Альтмана о том, что модели могут заменить «низкоуровневых» инженеров.",https://habr.com/ru/companies/bothub/news/884024/,2025-02-19 22:19:54
5,Fedor_Andreev,"2025-02-19, 20:55",ФНС с декабря 2025 года собирается автоматически определять налоговый и валютный статус физлиц,"Так следует из опубликованного ФНС плана деятельности на 2025 год, включая плановый период 2026–2030 годов.Работать это будет так:Автоматизированная информационная система ФНС – АИС ""Налог-3"", куда стекаются все сведения о поданных уведомлениях и отчетах по зарубежным счетам, налоговым декларациям, регистрационным сделкам в отношении движимого и недвижимого имущества в РФ, будет синхронизирована с государственной системой миграционного и регистрационного учета – ИС ""Мир"".Далее сведения о загранпаспортах человека, а также о пересечении им государственной границы РФ будут синхронизироваться с АИС ""Налог-3"".",https://habr.com/ru/companies/bothub/news/884024/,2025-02-19 22:19:56
6,cognitronn,"2025-02-19, 20:43",Искусственный интеллект нового поколения: как Grok 3 Маска опередил ведущие AI-системы,"Илон Маск представил новую модель искусственного интеллекта Grok 3 от стартапа xAI, утверждая, что она превосходит ведущих конкурентов по ключевым техническим показателям. Этот шаг существенно усиливает гонку за создание более мощных AI-систем.",https://habr.com/ru/companies/bothub/news/884024/,2025-02-19 22:19:57
7,nanocad,"2025-02-19, 20:36",На «Сибирской строительной неделе» компания «Нанософт» представила решения для проектирования управления строительством,Компания «Нанософт» совместно с компанией «СиСофт Омск» представила САПР/ТИМ/СОД-решения для комплексной автоматизации проектных работ. В ходе форума были проведены встречи с ключевыми партнерами и клиентами из Сибирского региона. Намечены перспективы сотрудничества с рядом крупных строительных и проектных организаций.,https://habr.com/ru/companies/bothub/news/884024/,2025-02-19 22:19:59
8,cognitronn,"2025-02-19, 20:18",Интеграция AI с поисковыми системами: почему Deep Research — это прорыв,"Корпоративным компаниям стоит обратить внимание на Deep Research от OpenAI. Это мощный продукт, основанный на новых возможностях, и настолько хорош, что может оставить многих людей без работы. Deep Research находится на острие растущего тренда: интеграции больших языковых моделей (LLM) с поисковыми системами и другими инструментами для значительного расширения их возможностей. Например, когда готовилась эта статья, xAI Илона Маска представила Grok 3, который претендует на аналогичные возможности, включая продукт Deep Search. Однако пока слишком рано оценивать производительность Grok 3 в реальных условиях, так как большинство подписчиков еще не смогли опробовать его.",https://habr.com/ru/companies/bothub/news/884024/,2025-02-19 22:20:00
9,mefdayy,"2025-02-19, 20:13",Hyperlume решает проблемы энергопотребления и задержки данных в центрах обработки информации,"В 2023 году центры обработки данных потребляли 4,4% электроэнергии в США, и, по оценкам, к 2028 году этот показатель вырастет до 12%. Большая часть энергии, потребляемой центрами обработки данных, используется для передачи данных с чипа на чип. Компания Hyperlume стремится сделать этот процесс более энергоэффективным и ускорить его.",https://habr.com/ru/companies/bothub/news/884024/,2025-02-19 22:20:01
10,SLY_G,"2025-02-19, 19:35",Китай продемонстрировал первый в мире двусторонний интерфейс мозг-компьютер,"Китайские учёные разработали первый в мире двусторонний адаптивный интерфейс мозг-компьютер (ИМК), значительно повышающий эффективность технологии и открывающий путь к практическому применению. Согласно новому исследованию, система работает в 100 раз эффективность по сравнению с традиционными ИМК.Исследователи из Тяньцзиньского университета и Университета Цинхуа утверждают, что их инновацию вскоре можно будет интегрировать в носимые и портативные устройства для медицинского и потребительского использования.Эта система позволяет мозгу и машине учиться друг у друга, в отличие от традиционных ИМК, которые только декодируют сигналы мозга. Такое взаимодействие обеспечивает стабильную работу с течением времени, что является ключевым шагом на пути к повышению надёжности ИМК в повседневном применении.",https://habr.com/ru/companies/bothub/news/884024/,2025-02-19 22:20:03
11,daniilshat,"2025-02-19, 19:33",Apple представила iPhone 16e: процессор A18 и камера на 48 Мп за 599 долларов,"Apple представила iPhone 16e, который займёт место бюджетного SE. Смартфон получил корпус от iPhone 14, всего одну камеру на 48 Мп и процессор A18 с поддержкой Apple Intelligence. Продажи начнутся 28 февраля 2025 года.",https://habr.com/ru/companies/bothub/news/884024/,2025-02-19 22:20:05
12,Lexx_Nimofff,"2025-02-19, 18:57",Минцифры РФ предложило новые критерии для включения в реестр российского ПО,"Министерство цифрового развития, связи и массовых коммуникаций РФ разработало новые требования для отечественного ПО, уже внесённого в реестр и претендующего на включение. Как утверждает ведомство, изменения направлены на стимулирование разработчиков к повышению зрелости продуктов и упрощение перехода госкомпаний на российские решения.",https://habr.com/ru/companies/bothub/news/884024/,2025-02-19 22:20:06
13,mefdayy,"2025-02-19, 18:39",Логические модели OpenAI получили два полезных обновления,"Модели рассуждений OpenAI, o1 и o3-mini, являются полезными инструментами для тех, кто использует ChatGPT для более сложных задач, включая программирование, математику и даже многоэтапные текстовые задачи, такие как решение проблемы или составление маршрута. Чтобы сделать работу с программой более полезной, OpenAI внедрила небольшие, но важные обновления.",https://habr.com/ru/companies/bothub/news/884024/,2025-02-19 22:20:08
14,mefdayy,"2025-02-19, 18:25",Alpha3D и MoonlanderAI объединяют усилия: революция в создании игр и 3D-приложений,"Alpha3D, платформа для создания 3D-ресурсов на основе AI, приобрела MoonlanderAI, платформу для разработки игр на основе AI.",https://habr.com/ru/companies/bothub/news/884024/,2025-02-19 22:20:09
15,denis-19,"2025-02-19, 18:08",Грег Кроа-Хартман привёл убедительные доводы в пользу написания новых драйверов ядра Linux на Rust,"Сопровождающий разработчик стабильной ветки ядра Linux Грег Кроа-Хартман (Greg Kroah-Hartman) привёл убедительные доводы в пользу написания новых драйверов ядра Linux на языке программирования Rust. Кроа-Хартман является ярым сторонником добавления кода на Rust в ядро Linux. Он призвал ментейнеров проекта и разработчиков писать новый код для ядра и драйверов Linux на Rust, а не на C.",https://habr.com/ru/companies/bothub/news/884024/,2025-02-19 22:20:11
16,mefdayy,"2025-02-19, 17:59",Perplexity AI удаляет китайскую цензуру из Deepseek R1,"Компания Perplexity AI представила R1 1776 — модифицированную версию языковой модели Deepseek-R1, специально разработанную для преодоления китайской цензуры с помощью специализированных методов постобработки.",https://habr.com/ru/companies/bothub/news/884024/,2025-02-19 22:20:13
17,ragequit,"2025-02-19, 17:01",Производители переходников 12V-2x6 для RTX 50 серии стали добавлять на свои кабели радиаторы,"На фоне сообщений об оплавлении кабелей дополнительного питания на видеокартах RTX 50 серии стали появляться различные решения данной проблемы.

При этом даже с учетом все увеличивающегося числа сообщений о проблемах с новыми картами Nvidia хранит стоическое молчание по данному вопросу, а за дело взялись производители переходников, которые используются для подключения линии 12V-2x6 от блока или с традиционных 6+2-разъемов питания GPU плат. Одним из решений стал монтаж радиатора пассивного охлаждения на переходник 12V-2x6 в месте подключения к видеокарте.",https://habr.com/ru/companies/bothub/news/884024/,2025-02-19 22:20:15
18,Travis_Macrif,"2025-02-19, 16:53","Власти США передумали увольнять более 1 тысячи сотрудников НАСА, находящихся на испытательном сроке","Белый дом США передумал увольнять более 1 тыс. сотрудников американского космического агентства, находящихся на испытательном сроке. Если бы меру реализовали, то НАСА лишилось бы около 6% персонала.",https://habr.com/ru/companies/bothub/news/884024/,2025-02-19 22:20:17
19,denis-19,"2025-02-19, 16:11",«Лаборатория Касперского» выпустила для обычных пользователей антивирус Kaspersky для Linux,"В середине февраля 2025 года «Лаборатория Касперского» выпустила для обычных пользователей антивирусное решение Kaspersky для Linux. Этот продукт является продолжением проекта корпоративной версии на базе решения Kaspersky Endpoint Security с защитой конфиденциальных и платёжных данных от киберугроз, в том числе от вредоносных программ, фишингаи скама. Kaspersky для Linux на ПК для домашнего использования поддерживает работу с дистрибутивами на базе Ubuntu, ALT Linux, Uncom и RedOS.",https://habr.com/ru/companies/bothub/news/884024/,2025-02-19 22:20:19
20,LizzieSimpson,"2025-02-19, 16:10",Пользователи смогут проверить на «Госуслугах» количество оформленных на них сим-карт,"На «Госуслугах» 1 апреля 2025 года появится сервис по проверке заключённых пользователем договоров с операторами связи, рассказал глава Минцифры Максут Шадаев.",https://habr.com/ru/companies/bothub/news/884024/,2025-02-19 22:20:20
21,LizzieSimpson,"2025-02-19, 16:10",Пользователи смогут проверить на «Госуслугах» количество оформленных на них сим-карт,"На «Госуслугах» 1 апреля 2025 года появится сервис по проверке заключённых пользователем договоров с операторами связи, рассказал глава Минцифры Максут Шадаев.",https://habr.com/ru/companies/bothub/news/884024/,2025-02-19 22:20:26
22,Travis_Macrif,"2025-02-19, 16:09",Google получила разрешение продавать книги напрямую клиентам через приложение Google Play Books для iOS,"Корпорация Google сообщила о получении разрешения на продажу своих электронных книг и аудиокниг напрямую клиентам через своё приложение Google Play Books для iOS. Теперь пользователи смогут нажать на новую кнопку «Получить книгу» (Get Book) в приложении Google Play Books, которая направит на сайт Google Play для завершения покупки.",https://habr.com/ru/companies/bothub/news/884024/,2025-02-19 22:20:28
23,AnnieBronson,"2025-02-19, 16:03",Российские учёные работают над высокоточными ядерными часами,"Российские учёные представят новые ядерные часы высокой точности, которая позволит человечеству изучать ранее недоступные области. Экспериментальный образец устройства может появиться уже в 2030-2032 году.",https://habr.com/ru/companies/bothub/news/884024/,2025-02-19 22:20:30
24,LizzieSimpson,"2025-02-19, 16:00",Свыше 10 тыс. книг получили новые обложки в «Яндекс Книгах» благодаря нейросети,"Визуальная нейросеть YandexART создала обложки для произведений, которые перешли в статус общественного достояния. Цель — дать пользователям сервиса возможность увидеть классические произведения по‑новому и заново открыть их для себя, рассказали Хабру в пресс‑службе «Яндекса». Все книги серии можно найти в сервисе по тегу «бесплатно».",https://habr.com/ru/companies/bothub/news/884024/,2025-02-19 22:20:32
25,LizzieSimpson,"2025-02-19, 15:39","Российский рынок средств для защиты данных в 2024 году увеличился на 20%, достигнув 23 млрд рублей","В 2024 году объём российского рынка средств для защиты данных вырос на 20% и достиг 23 млрд рублей. Самый значительный рост инвестиций произошёл в сегментах средств реагирования на утечки информации (26%) и решений для контроля доступа (40%). Эксперты, опрошенные «Ъ», связывают это с усилением требований со стороны регуляторов, но предполагают, что в ближайшие годы спрос будет расти медленнее.",https://habr.com/ru/companies/bothub/news/884024/,2025-02-19 22:20:34
26,AnnieBronson,"2025-02-19, 15:37",ГК «Солар»: число вирусов-майнеров в системах госорганизаций выросло,"В четвёртом квартале 2024 года количество вирусов-майнеров в системах госструктур выросло на 9%. 27% всех инцидентов с вредоносным ПО приходится на криптовалютные майнеры, сообщают в ГК «Солар». Эти вирусы особенно распространены в сфере здравоохранения (24%) и образования (22%). В частном секторе их доля значительно ниже: от 2% в телекоммуникациях до 11% в пищевой отрасли.",https://habr.com/ru/companies/bothub/news/884024/,2025-02-19 22:20:36
27,Travis_Macrif,"2025-02-19, 15:11",Компания-разработчик Pokemon Go планирует продать своё игровое подразделение,"Компания-разработчик Pokemon Go, американская Niantic, ведёт переговоры о продаже своего игрового подразделения фирме Scopely, которая принадлежит Savvy Games из Саудовской Аравии. Об этом сообщило агентство Bloomberg со ссылкой на несколько источников.",https://habr.com/ru/companies/bothub/news/884024/,2025-02-19 22:20:38
28,ru_vds,"2025-02-19, 14:00",Лучшее за неделю (10.02 — 16.02),"Привет, Хабр! Сегодня расскажем про наш переход на RAID 10, инструменты современных кибератак, гражданскую сверхзвуковую авиацию и лучшие статьи прошлой недели: о биперной музыке на Arduino, создании собственного криптографического кода, игровом автомате Nimatron и многом другом.",https://habr.com/ru/companies/bothub/news/884024/,2025-02-19 22:20:39
29,Kate_Hill_2023,"2025-02-19, 13:59",Компания «Актив» представила новый продукт Guardant Chip,"Компания «Актив» объявляет о выпуске на рынок аппаратных ключей Guardant Chip для лицензирования и защиты умных устройств и оборудования. В отличие от USB-моделей, Guardant Chip интегрируются с помощью монтажа непосредственно на печатную плату в различных программно-аппаратных комплексах и оборудовании. Аппаратные ключи Guardant Chip позволяют защищать и лицензировать как программное обеспечение, так и умные устройства, внутри которых работает программный код: телекоммуникационное оборудование, промышленные станки, камеры наблюдения, медицинское оборудование и др. Благодаря форм-фактору, ключ размещается непосредственно на плате устройства, экономя место и повышая уровень защищенности. Такой подход позволяет защищать от реверс-инжиниринга и минимизировать риски утечки интеллектуальной собственности, а также лицензировать функциональность устройства на уровне ПО.",https://habr.com/ru/companies/bothub/news/884024/,2025-02-19 22:20:41
30,denis-19,"2025-02-19, 13:51",«Яндекс Музыка» запустила для каждого пользователя персональный рейтинг самых прослушиваемых артистов,"«Яндекс Музыка» запустила для каждого пользователя персональный рейтинг самых прослушиваемых артистов, сообщили Хабру в компании «Яндекс».",https://habr.com/ru/companies/bothub/news/884024/,2025-02-19 22:20:43
31,denis-19,"2025-02-19, 13:32",В OpenSSH найдены две критические уязвимости,"Эксперты по ИБ компании Qualys обнаружили две критические уязвимости (MITM‑атака CVE-2025-26465 и DoS‑атака CVE-2025-26466) в открытой реализации клиента и сервера для работы по протоколам SSH 2.0 и SFTP — инструменте OpenSSH. Разработчиками проекта представлен корректирующий выпуск OpenSSH 9.9p2, в котором устранены эти уязвимости.",https://habr.com/ru/companies/bothub/news/884024/,2025-02-19 22:20:45
32,denis-19,"2025-02-19, 13:05",Mozilla продлила поддержку Firefox в ОС Windows 7/8.1 и macOS 10.12-10.14 до сентября 2025 года,В середине февраля 2025 года компания Mozilla официально продлила поддержку браузера Firefox в старых ОС Windows 7/8.1 и macOS 10.12–10.14 до сентября 2025 года.,https://habr.com/ru/companies/bothub/news/884024/,2025-02-19 22:20:46
33,LizzieSimpson,"2025-02-19, 12:55",Сим-карты разрешат передавать близким родственникам без уведомления через «Госуслуги»,Передача сим-карт третьим лицам будет возможна только после указания информации об этом на «Госуслугах». Однако это требование не распространяется на близких родственников — им можно передавать сим-карту без предварительного уведомления через «Госуслуги».,https://habr.com/ru/companies/bothub/news/884024/,2025-02-19 22:20:48
34,maybe_elf,"2025-02-19, 12:37",Мира Мурати запустит стартап для конкуренции с OpenAI,Бывший технический директор OpenAI Мира Мурати решила основать стартап в области ИИ под названием Thinking Machines Lab. Его целью станет создание более доступных и адаптируемых интеллектуальных систем.,https://habr.com/ru/companies/bothub/news/884024/,2025-02-19 22:20:49
35,Dataist,"2025-02-19, 12:30",Китайская LLaDa: как зашумленный текст превращается в осмысленный диалог – новая эра диффузионных языковых моделей,"Привет, Хабр! В этой статье расскажу о новом подходе - больших языковых диффузионных моделях (LLaDA).Большие языковые диффузионные модели - альтернатива традиционным большим языковым моделям, которые генерируют текст токен за токеном. Метод диффузии сначала ""зашумляет"" текст, а затем модель обучается восстанавливать его целиком. Такие модели можно также использовать и для создания новых белков с заданными свойствами. Давайте подробнее разберем, как все это работает.",https://habr.com/ru/companies/bothub/news/884024/,2025-02-19 22:20:51
36,denis-19,"2025-02-19, 12:23",В веб-версии «VK Видео» появился режим «Картинка в картинке,"Сервис «VK Видео» представил новую функцию в веб‑версии своей платформы. Это режим «Картинка в картинке», который позволяет пользователям просматривать ролики в мини-плеере, не отвлекаясь от других задач. В настройках плеера «VK Видео» добавлена кнопка, которая позволяет активировать режим для просмотра видео в отдельное окно. Мини-плеер видеосервиса может отображаться как поверх текущего браузера, так и поверх остальных окон на рабочем столе.",https://habr.com/ru/companies/bothub/news/884024/,2025-02-19 22:20:52
37,maybe_elf,"2025-02-19, 12:17",HP выкупила активы Humane и закроет проект AI Pin,HP приобрела активы стартапа Humane за $116 млн и закроет проект умного устройства AI Pin. Серверы Humane отключат 28 февраля.,https://habr.com/ru/companies/bothub/news/884024/,2025-02-19 22:20:53
38,LizzieSimpson,"2025-02-19, 12:11",Нейросети «Яндекса» оцифровали архив «Известий» с 1917 года,"В «Поиске по архивам Яндекса» теперь можно посмотреть архив «Известий». С помощью нейросетей сервис оцифровал более 30 тыс. выпусков газеты. Пользователям доступен полнотекстовый поиск по номерам, выходившим с 1917 по 2024 год. Проект приурочен к предстоящему 108-летию газеты. Сервис реализовал его совместно с «Известиями» и Национальной электронной библиотекой, рассказали Хабру в пресс‑службе «Яндекса».",https://habr.com/ru/companies/bothub/news/884024/,2025-02-19 22:20:55
39,Surf_Studio,"2025-02-19, 12:02","В новом подкасте для аналитиков рассказываем, как работает BA-отдел в IT-компании","«В последнее время бизнес-анализ стал одной из центральных частей любого проекта — всё начинается анализом и заканчивается им». Поэтому мы, аналитики IT-компании Surf, решили запустить свой подкаст «БAтут». За более чем 5 лет работы у нас накопилось сто-о-олько экспертизы, что мы захотели поделиться ей с сообществом! Ну и, конечно, как истинные аналитики, мы очень любим поговорить…",https://habr.com/ru/companies/bothub/news/884024/,2025-02-19 22:20:57
40,maybe_elf,"2025-02-19, 11:57",Вышла версия AIDA64 7.60 без поддержки Windows 95 и 98,"В новой версии инструмента диагностики и бенчмаркинга AIDA64 7.60 от венгерской FinalWire прекратили поддержку Windows 95, 98 и Me, но появилась начальная поддержка серии процессоров AMD Radeon RX 9000.",https://habr.com/ru/companies/bothub/news/884024/,2025-02-19 22:20:59
41,maybe_elf,"2025-02-19, 11:37",Microsoft работает над приложением для передачи данных между двумя ПК,Microsoft разрабатывает приложение Migration для передачи больших файлов между двумя компьютерами. Его экземпляры обнаружили в предварительной сборке Windows 11.,https://habr.com/ru/companies/bothub/news/884024/,2025-02-19 22:21:05
42,maybe_elf,"2025-02-19, 11:17","Photonics представила мобильный экран Jumbo162 площадью 161,5 м² с разрешением 4K","Бельгийская Photonics показала самый большой в мире мобильный светодиодный экран Jumbo162 — диагональю 767 дюймов, с разрешением 4K и частотой обновления 3840 Гц. Он имеет площадь 161,5 м² и состоит из 384 панелей InfiLED.",https://habr.com/ru/companies/bothub/news/884024/,2025-02-19 22:21:06
43,maybe_elf,"2025-02-19, 10:57",Психологи: удалённая работа влияет на приобретение «странных» привычек,"В Business Insider вышла статья, посвящённая влиянию удалённой работы на сотрудников. Как напоминает автор, многие перешли на удалёнку пять лет назад с началом пандемии, и этот переход во многом изменил образ жизни людей.",https://habr.com/ru/companies/bothub/news/884024/,2025-02-19 22:21:07
44,spring_aio,"2025-02-19, 10:53",Джунов больше не будет / JVM бывает глубокой / Нас всех отсертифицируют | Spring АйО Подкаст №7,"Представляем седьмой выпуск подкаста команды Spring АйО.Эксперты обсудили ключевые события недели: погружение в процесс запуска JVM, роль AI-агента от JetBrains, сертификацию разработчиков и ее необходимость, а также скрытые механизмы обработки ошибок в JVM.",https://habr.com/ru/companies/bothub/news/884024/,2025-02-19 22:21:09
45,EditorF6,"2025-02-19, 10:52","F6 назвала главные киберугрозы 2025 года — вышел подробный анализ хакерских групп, атакующих Россию и СНГ","Компания F6, ведущий разработчик технологий для борьбы с киберпреступностью, представила первый ежегодный аналитический отчет «Киберугрозы в России и СНГ. Аналитика и прогнозы 2024/25». В анализе детально исследованы основные киберугрозы 2024 года, а также представлены рекомендации и прогнозы на 2025 год. Выводы неутешительные: растет число инцидентов и атакующих, количество утечек и атак вымогателей не снижается, DDoS-атаки становятся мощнее, а мошенничество переживает очередной ренессанс.",https://habr.com/ru/companies/bothub/news/884024/,2025-02-19 22:21:11
46,dmitrifriend,"2025-02-19, 10:05",Skyworth представил G7F Pro: умный телевизор со встроенным DeepSeek,"Китайский производитель бытовой техники Skyworth продемонстрировал Skyworth G7F Pro — первый в мире умный телевизор с интегрированным DeepSeek‑r1. Телевизоры этой линейки уже включали в себя ИИ под кодовым названием Coocoa AI, однако отныне его возможности усилены при помощи DeepSeek.",https://habr.com/ru/companies/bothub/news/884024/,2025-02-19 22:21:13
47,denis-19,"2025-02-19, 09:32",В МТС сообщили о рисках для тайны связи в идее РКН о сборе IP-адресов пользовательского оборудования,"В компании МТС сообщили СМИ о рисках для тайны связи в идее РКН о сборе IP-адресов пользовательского оборудования. Регулятор же считает, что предлагаемые меры, наоборот, обезопасят российских пользователей.",https://habr.com/ru/companies/bothub/news/884024/,2025-02-19 22:21:15
48,denis-19,"2025-02-19, 08:46",Valve добавила в набор инструментов Source SDK исходный код игр Team Fortress 2,Valve выпустила крупное обновление для набора инструментов Source SDK 2013 с исходным кодом игры Team Fortress 2.,https://habr.com/ru/companies/bothub/news/884024/,2025-02-19 22:21:17
49,sergeytolkachyov,"2025-02-19, 08:14",Вышли релизы безопасности Joomla 5.2.4 и Joomla 4.4.11,Проект Joomla рад сообщить о выпуске Joomla 5.2.4 и Joomla 4.4.11. Это релиз безопасности и исправлений ошибок для серии Joomla 5.2 и релиз безопасности для серии Joomla 4.4.,https://habr.com/ru/companies/bothub/news/884024/,2025-02-19 22:21:18
50,denis-19,"2025-02-19, 08:14","Линус Торвальдс заявил, что продолжит интеграцию кода Rust, несмотря на возражения мейнтейнеров ядра Linux","Линус Торвальдс в частном порядке заявил, что продолжит добавлять в свой проект код Rust. Эти действия будут происходить несмотря на возражения многих мейнтейнеров ядра Linux против кода Rust, фактически сделав принятие Rust неизбежным для всех участников сообщества.",https://habr.com/ru/companies/bothub/news/884024/,2025-02-19 22:21:19
51,denis-19,"2025-02-19, 07:32","Из-за отсутствия поддержки 32-битного PhysX ПК с RTX 5090 в старых играх выдаёт 10-30 FPS, а с RTX 4090 — 100 FPS",Пользователи из игрового сообщества сообщили что из‑за прекращения поддержки 32-битной технологии PhysX в Nvidia RTX 5090 старые игры запускать на новой видеокарте вообще невозможно из‑за низкого FPS. Причём на ПК с RTX 4090 всё в порядке.,https://habr.com/ru/companies/bothub/news/884024/,2025-02-19 22:21:21
52,omyhosts,"2025-02-19, 06:37",Вместо тысячи слов: 10 главных обновлений VMmanager за 2024 год и планы на 2025,"В 2024 году VMmanager не только вошла в топ-5 самых популярных российских платформ виртуализации, но и нарастила функциональные возможности. Рассказываем о значимых обновлениях продукта и запланированных изменениях.",https://habr.com/ru/companies/bothub/news/884024/,2025-02-19 22:21:23
53,dmitrifriend,"2025-02-19, 05:06",«Сэму Альтману пока не о чем беспокоиться»: Grok-3 не обгоняет топовые решения OpenAI,"В понедельник Илон Маск презентовал Grok 3 — новую версию чат‑бота от xAI, заявив, что он «на порядок мощнее» своей предыдущей версии. Некоторые эксперты и исследователи ИИ протестировали Grok 3 и дали неоднозначные отзывы. «В целом создаётся впечатление, что этот уровень сопоставим с o1-pro и немного опережает DeepSeek‑r1», — отметил Андрей Карпатый, который одним из первых получил доступ к Grok 3.",https://habr.com/ru/companies/bothub/news/884024/,2025-02-19 22:21:24
54,daniilshat,"2025-02-19, 02:37",Microsoft выпустила бесплатный курс по работе с нейросетевыми агентами,"Microsoft выпустила бесплатный курс по работе с нейросетевыми агентами для новичков. Курс состоит всего из 10 уроков и доступен на 10 языках, но перевода на русский нет.",https://habr.com/ru/companies/bothub/news/884024/,2025-02-19 22:21:26
55,daniilshat,"2025-02-19, 01:59",Исследование: Испания — лучшая страна для цифровых кочевников,"Исследователи компании VisaGuide проанализировала страны с визами для цифровых кочевников и составила рейтинг лучших мест для удалённой работы. Выяснилось, что комфортнее всего жить в Испании. Также можно рассмотреть ОАЭ, Черногорию, Багамский острова и Венгрию.",https://habr.com/ru/companies/bothub/news/884024/,2025-02-19 22:21:28
56,AnnieBronson,"2025-02-18, 22:23",Tesla планирует запустить общедоступную зарядную станцию ​​сразу для 12 электрогрузовиков Tesla Semi,"Tesla планирует развернуть первую постоянную общедоступную станцию ​​Megacharger для грузовиков Tesla Semi. Согласно плану проекта, компания намерена возвести 12 зарядных установок для грузовиков, а также построить здание 148 кв м2 с «торговыми автоматами, туалетами и парковкой для персонала».",https://habr.com/ru/companies/bothub/news/884024/,2025-02-19 22:21:30
57,ElKornacio,"2025-02-18, 22:20","OpenAI представили SWE-Lancer: как ИИ заменит разработчиков в задачах на $1,000,000?","Сегодня OpenAI представили новый бенчмарк SWE-Lancer, предназначенный для оценки возможностей передовых языковых моделей (LLM) в выполнении реальных фриланс-задач по программированию. Бенчмарк включает 1488 (гусары, молчать) задач с платформы Upwork, суммарной стоимостью $1 млн, и охватывает как индивидуальные инженерные задачи, так и управленческие (что особенно интересно, то есть оцениваются не только навыки программирования, но и менеджерские).",https://habr.com/ru/companies/bothub/news/884024/,2025-02-19 22:21:32
58,DataSecrets,"2025-02-18, 21:32",Исследователи из Стэнфорда обучили ИИ играть в Among Us: их агенты выигрывают людей уже в 45% случаев,"Исследователи из Стэнфорда выпустили статью про то, как обучили модель играть в Among Us, при этом не используя вообще никаких размеченных людьми данных. Вместо этого они применяли только обучение с подкреплением и несколько этапов файнтюнинга, в ходе которых агенты учились общаться, убеждать, лгать или предсказывать предателя (импостера). Поведение получившихся ИИ-игроков очень напоминает поведение человека: они манипулируют соперниками, врут (правда иногда без повода) и генерируют ложные обвинения. В полностью симуляционных играх их процент победы составляет 56%, а в играх против людей – примерно 45. Да, люди все еще сильнее, но учитывая, что игра требует от игроков сложной социальной стратегии, это удивительный результат. Поехали разбираться, как ученые этого добились.",https://habr.com/ru/companies/bothub/news/884024/,2025-02-19 22:21:33
59,mefdayy,"2025-02-18, 21:15",Искусственный интеллект учится понимать физику: как AI развивает интуитивные знания о мире,"Новое исследование, проведённое под руководством главы Meta* по искусственному интеллекту Яна Лекуна, демонстрирует, как искусственный интеллект может развивать базовое понимание физики, просто просматривая видео. Полученные результаты подтверждают альтернативное видение Лекуна в отношении генеративного AI.",https://habr.com/ru/companies/bothub/news/884024/,2025-02-19 22:21:34
60,AnnieBronson,"2025-02-18, 20:44",Киберспортивная организация Team Liquid подписала контракт с шахматистом Магнусом Карлсеном,"Киберспортивная организация Team Liquid объявила о подписании контракта с Магнусом Карлсеном, 16-м чемпионом мира по шахматам. Карлсен — второй после Фабиано Каруана представитель шахмат в Team Liquid. Карлсен будет представлять Team Liquid на международных шахматных турнирах в 2025 году. Кроме того, он будет выступать её представителем на мультидисциплинарном Esports World Cup 2025, в рамках которого среди 16 игроков разыграют $1,5 млн.",https://habr.com/ru/companies/bothub/news/884024/,2025-02-19 22:21:35
61,AnnieBronson,"2025-02-18, 19:56","Ущерб «Россетей» от нелегальных криптомайнеров превысил в 2024 году 1,3 млрд рублей","Ущерб группы «Россети» от нелегального криптомайнинга превысил в 2024 году 1,3 млрд рублей. Всего за прошлый год «Россети» зафиксировали 130 случаев незаконного присоединения майнеров к сетям. Одну из самых крупных ферм в более 3,2 тысячи устройств обнаружили в Новосибирске, убытки от её деятельность «Россети» оценили в 197 млн рублей.",https://habr.com/ru/companies/bothub/news/884024/,2025-02-19 22:21:41
62,Lexx_Nimofff,"2025-02-18, 18:56","ГК «Солар» рассказала, как киберпреступники атаковали банки в 2024 году","Эксперты центра противодействия кибератакам Solar JSOC зафиксировали рост атак на финансовый сектор. Количество инцидентов за год увеличилось на треть и достигло 9 тысяч. Основные угрозы — внутреннее сканирование сети, эксплуатация уязвимостей и заражение вредоносным ПО. Сетевые атаки стали встречаться почти вдвое чаще — 27% от всех инцидентов в 2024 году против 14% в 2023 году. Чаще всего это попытки киберпреступников провести несанкционированное сканирование сети банка, изучая инфраструктуру, веб‑приложения и внутренние системы. Это говорит о том, что злоумышленники уже преодолели внешний периметр защиты и готовятся к следующему этапу атаки.",https://habr.com/ru/companies/bothub/news/884024/,2025-02-19 22:21:43
63,mefdayy,"2025-02-18, 18:48",OpenAI меняет стратегию в области разработки с открытым исходным кодом: что ждать дальше?,"Сэм Альтман, генеральный директор OpenAI, изучает следующие шаги компании в области разработки с открытым исходным кодом и обращается к X за отзывами пользователей о потенциальных направлениях развития. Это решение было принято в связи с серьёзными переменами в компании, которая трансформирует свое коммерческое подразделение в организацию, работающую на благо общества.",https://habr.com/ru/companies/bothub/news/884024/,2025-02-19 22:21:45
64,AnnieBronson,"2025-02-18, 18:35","Российский рынок АСУ ТП вырос в 2024 году почти на 50% и достиг 124,1 млрд рублей","Рынок автоматизированных систем управления технологическими процессами (АСУ ТП) в России в 2024 году вырос почти на 50% и составил 124,1 млрд руб, а к 2027-му может достичь 218 млрд руб. Ключевым двигателем роста отечественного рынка АСУ ТП в 2024 году стали предприятия машиностроения и переработки. При этом около половины рынка обеспечивается топливно-энергетическими и горнодобывающими комплексами. Так, 27% приходится на нефтегазовую промышленность, 11% и 7% — на горнодобывающую и металлургическую соответственно. Доля энергетического сектора осталась на уровне 15%.",https://habr.com/ru/companies/bothub/news/884024/,2025-02-19 22:21:46
65,technokratiya,"2025-02-18, 18:33",ЦОД для нужд искусственного интеллекта мощностью до 3 гигаватт планируют построить в Южной Корее,"Группа инвесторов планирует создание одного из крупнейших в мире центров обработки данных для искусственного интеллекта в Южной Корее — это свидетельствует о неослабевающем спросе на ИИ, несмотря на сомнения в долгосрочной устойчивости этого тренда.Если проект будет реализован в соответствии с замыслами его инициаторов, центр потребует инвестиций до 35 миллиардов долларов и сможет достичь мощности в 3 гигаватта. Это почти в три раза превышает запланированную мощность комплекса в Техасе, финансируемого OpenAI и SoftBank Group в рамках их американского проекта Stargate.",https://habr.com/ru/companies/bothub/news/884024/,2025-02-19 22:21:48
66,mefdayy,"2025-02-18, 17:49","Aomni привлекает $4 миллиона, доказывая, что AI может увеличить продажи, не заменяя людей","Aomni, платформа на основе AI, которая помогает отделам продаж проводить глубокое исследование потенциальных клиентов, привлекла 4 миллиона долларов в качестве начального финансирования под руководством Decibel при участии Sancus Ventures и Ride Home Fund. Компания придерживается подхода, ориентированного на человека, на рынке, перенасыщенном инструментами на основе AI, которые автоматизируют работу отделов продаж.",https://habr.com/ru/companies/bothub/news/884024/,2025-02-19 22:21:49
67,Lexx_Nimofff,"2025-02-18, 17:43",«Сайберия Нова» представила обновление 2.1.0 игры «Смута»,"Студия «Сайберия Нова» выпустила новый патч 2.1.0 для игры «Смута». По словам разработчиков, в обновлении внесены значительные исправления в квестах, игровых механиках, балансе и оптимизации.",https://habr.com/ru/companies/bothub/news/884024/,2025-02-19 22:21:50
68,SLY_G,"2025-02-18, 17:03","Учёные разработали технологию, позволяющую создать гибкий транзистор с электролитическим затвором","Учёные Томского политехнического университета придумали новый способ обработки лазерно-индуцированных композитов на основе оксида графена и полимера. Он даёт возможность проектировать и динамически изменять электрохимические свойства композита. Эта технология позволила разработать лабораторный образец гибкого транзистора с электролитическим затвором, который в противном случае не работал бы без предварительной обработки.",https://habr.com/ru/companies/bothub/news/884024/,2025-02-19 22:21:51
69,Travis_Macrif,"2025-02-18, 16:25",Соцсеть X удвоила стоимость подписки Premium+,"Социальная сеть X двукратно увеличила стоимость своей топовой подписки Premium+ с $22 до почти $50 в месяц. За несколько часов до этого другая компания Илона Маска, xAI, выпустила новую версию чат-бота — Grok-3. Именно Premium+ открывает доступ к некоторым функциям Grok-3.",https://habr.com/ru/companies/bothub/news/884024/,2025-02-19 22:21:52
70,SIGMA_team,"2025-02-18, 16:08",СИГМА представила CIM-разработки для интеллектуального учета в электроэнергетике на конференции «CIM в России и мире»,"Эксперты СИГМЫ приняли участие в научно-технической конференции «CIM в России и мире» – главном отраслевом мероприятии, посвященном практике использования Common Information Model (CIM, общая информационная модель) при проектировании сложных электроэнергетических систем. СИГМА представила опыт применения и расширения канонической CIM-модели при разработке СИГМА.ИВК – отраслевого решения для интеллектуального учета электроэнергии, с которым работают уже 13 гарантирующих поставщиков в 16 субъектах РФ.",https://habr.com/ru/companies/bothub/news/884024/,2025-02-19 22:21:54
71,SLY_G,"2025-02-18, 16:00",Загадочная «чёрная дыра» в Тихом океане оказалась уникальным островом,"На этом поразительном спутниковом снимке, сделанном с Google Maps в 2021 году, видна причудливая треугольная структура глубокого чёрного цвета, расположенная посреди Тихого океана.В то время загадочный объект, который многие называли «чёрной дырой», вызвал бурные слухи в Интернете. Однако вскоре выяснилось, что это необитаемый остров, покрытый густыми деревьями.",https://habr.com/ru/companies/bothub/news/884024/,2025-02-19 22:21:55
72,Travis_Macrif,"2025-02-18, 15:37",Nintendo объявила о прекращении начисления золотых очков за приобретение своих игр с 24 марта,"Японская Nintendo прекратит начислять золотые очки (My Nintendo Gold Points) за приобретение своих игр с 24 марта 2025 года. Вероятно, отмена акции связана с подготовкой новой программы вознаграждений для грядущей Nintendo Switch 2.",https://habr.com/ru/companies/bothub/news/884024/,2025-02-19 22:21:56
73,denis-19,"2025-02-18, 15:21","CNews: распродана 1 тыс. штук серверных процессоров Baikal-S, «Байкал Электроникс» ждёт новую партию в конце 2025 года","По информации издания CNews, российские компании и госструктуры раскупили всю партию из 1 тыс. штук серверных процессоров Baikal‑S. Производитель «Байкал Электроникс» ждёт новую партию процессоров в конце 2025 года.",https://habr.com/ru/companies/bothub/news/884024/,2025-02-19 22:21:57
74,LizzieSimpson,"2025-02-18, 14:28",Авторы получили возможность настраивать уровни поддержки в VK Donut,"«Вконтакте» представила обновление VK Donut, которое позволяет авторам настраивать до 20 уровней поддержки для доступа к контенту. Владельцы сообществ могут зарабатывать, предлагая эксклюзивный контент разного уровня — от еженедельных дайджестов до закрытых прямых эфиров и уникальных материалов. Стоимость уровня может варьироваться от 50 до 10 тыс. рублей в месяц. Авторы сами определяют, какие материалы и привилегии получат подписчики.",https://habr.com/ru/companies/bothub/news/884024/,2025-02-19 22:21:58
75,Barrayar,"2025-02-18, 14:08",VK Реклама адаптировала кабинет для китайской аудитории,"В VK Рекламе стал доступен китайский язык — на него можно перейти в настройках личного кабинета. Пользователям доступны те же функции, что и российским резидентам, в том числе инструменты автогенерации текстовых, визуальных и видео креативов. При создании рекламных текстов будет достаточно ввести запрос с описанием уникального товарного предложения (УТП) на китайском языке, генеративный ИИ обработает запрос и самостоятельно переведет тексты на русский.На первоначальном этапе китайский язык будет доступен для кабинетов рекламодателей и клиентских кабинетов агентств. Адаптация сервиса VK Реклама будет продолжаться с учетом запросов азиатских рекламодателей. В частности планируется доработать перевод таких компонентов кабинета как статусы модерации, справочную информацию и некоторые другие элементы рекламного портала, сейчас они отображаются на английском языке.Самой популярной и быстрорастущей категорией среди китайских рекламодателей стали игры. Среди других востребованных категорий Отдых и развлечения, Е‑коммерция, СМИ, Бытовая техника и электроника.",https://habr.com/ru/companies/bothub/news/884024/,2025-02-19 22:21:59
76,Travis_Macrif,"2025-02-18, 13:59","Регулятор из Южной Кореи: когда пользователи получали доступ к DeepSeek, их информация также передавалась в ByteDance","Власти Южной Кореи запретили загрузку приложения DeepSeek после того, как правительственное расследование показало, что персональные данные пользователей сервиса передавались китайской ByteDance.",https://habr.com/ru/companies/bothub/news/884024/,2025-02-19 22:22:01
77,LizzieSimpson,"2025-02-18, 13:41",«Ведомости»: МТС пересматривает траты на свой аналог YouTube,"Стратегия развития видеоплатформы Nuum в настоящее время пересматривается, а её структура оптимизируется, сообщили «Ведомостям» источники: два бывших сотрудника платформы и представитель конкурирующей компании. С начала 2025 года команду площадки покинули около 250 человек, что составляет 70–80% её кадрового состава. Уволившиеся — в основном сотрудники отделов маркетинга и контента, утверждает один из бывших работников. Руководители этих направлений также ушли, добавил другой собеседник.",https://habr.com/ru/companies/bothub/news/884024/,2025-02-19 22:22:04
78,daniilshat,"2025-02-18, 13:33",Юристы Epic Games заставили читера вернуть призовые и публично извиниться перед сообществом,"В официальном аккаунте X киберспортивной организации Fortnite рассказали о том, что закончили судебное разбирательство с профессиональным игроком, который жульничал на квалификационных соревнованиях. Его заставили пожертвовать незаслуженные призовые на благотворительность и потребовали публично извиниться перед сообществом. Кроме того, геймеру запретили участвовать в официальных турнирах.",https://habr.com/ru/companies/bothub/news/884024/,2025-02-19 22:22:05
79,LizzieSimpson,"2025-02-18, 13:22",В 2024 году госзаказчики на 15% увеличили расходы на закупки коммуникационного оборудования,"В 2024 году государственные заказчики увеличили расходы на приобретение коммуникационного оборудования — телефонных станций, роутеров, камер наблюдения и охранной сигнализации — на 15%. За год они разместили тендеры на общую сумму 134,6 млрд рублей, следует из подсчётов единой электронной торговой площадки «Росэлторг». Компания проанализировала закупки оборудования в соответствии с ФЗ-223 (касается компаний с государственным участием) и ФЗ-44 (федеральные, региональные и муниципальные закупки).",https://habr.com/ru/companies/bothub/news/884024/,2025-02-19 22:22:06
80,Travis_Macrif,"2025-02-18, 13:11",Некоторые новые джуны на самом деле не умеют писать код без ИИ-помощников,"Некоторые новые джуниоры не умеют писать код без помощников на базе искусственного интеллекта, пишет в своём блоге разработчик Наманьяйа Гоэль. Он отметил, что каждый младший разработчик из его круга общения постоянно использует Copilot, Claude и ChatGPT.",https://habr.com/ru/companies/bothub/news/884024/,2025-02-19 22:22:08
81,maybe_elf,"2025-02-18, 13:07","Исследование: смертность россиян в возрасте 30–54 лет с высшим образованием в 2,8 раза ниже","Проект «Если быть точным» провёл исследование, которое показало серьёзный разрыв в уровне смертности между жителями России в возрасте 30–54 лет с высшим образованием и без него. В первой группе этот показатель оказался в 2,8 раза ниже.",https://habr.com/ru/companies/bothub/news/884024/,2025-02-19 22:22:13
82,denis-19,"2025-02-18, 13:07",«РТК‑Сервис» сообщил о полной поддержке телекоммуникационного оборудования Juniper в сетях «Ростелекома»,Компания «РТК‑Сервис» сообщила о полной поддержке работоспособности телекоммуникационного оборудования американского производителя Juniper корпоративного уровня и уровня интернет‑провайдеров в сетях передачи данных «Ростелекома».,https://habr.com/ru/companies/bothub/news/884024/,2025-02-19 22:22:15
83,maybe_elf,"2025-02-18, 12:57",Microsoft очистит интерфейс проводника Windows 11 для пользователей в ЕС,"На днях Microsoft выпустила Windows 11 24H2 Build 26120.3281 (KB5052086) для каналов Dev и Beta. Обновление удаляет лишний контент проводника из разделов «Недавние», «Рекомендуемые», «Подробности» и «Избранное».",https://habr.com/ru/companies/bothub/news/884024/,2025-02-19 22:22:17
84,LizzieSimpson,"2025-02-18, 12:43",Аудитория нейросетей в сервисах Mail превысила 5 млн пользователей,"В сервисах Mail (часть VK) общее количество уникальных пользователей генеративных нейросетей превысило 5 млн. Чаще всего пользователи обращаются к генеративному искусственному интеллекту, чтобы кратко пересказать входящие письма, написать уникальные тексты или создать поздравления, рассказали Хабру в пресс-службе компании.",https://habr.com/ru/companies/bothub/news/884024/,2025-02-19 22:22:18
85,maybe_elf,"2025-02-18, 12:37",VVP Group начнёт производить смартфоны в Калуге,"Российский дистрибьютор VVP Group, который арендовал предприятие Samsung в Калуге, запустит производство собственных смартфонов. Он также предоставит площадку под их контрактное производство.",https://habr.com/ru/companies/bothub/news/884024/,2025-02-19 22:22:19
86,denis-19,"2025-02-18, 12:31",Вышел почтовый сервер Postfix 3.10.0,17 февраля 2025 года состоялся релиз новой стабильной ветки почтового сервера Postfix 3.10.0. Также разработчики объявили о прекращении поддержки ветки Postfix 3.6 от 2021 года. Исходный код проекта написан на C и опубликован на GitHub под лицензиями EPL 2.0 (Eclipse Public license) и IPL 1.0 (IBM Public License). Версия Postfix 3.0 вышла в марте 2015 года.,https://habr.com/ru/companies/bothub/news/884024/,2025-02-19 22:22:20
87,Lexx_Nimofff,"2025-02-18, 12:25",BI.ZONE: «Легитимный инструмент NetSupport открыл злоумышленникам доступ к данным 400 компаний»,"Специалисты BI.ZONE Threat Intelligence зафиксировали активность группировки Bloody Wolf в декабре 2024 года. В числе пострадавших оказались компании из финансового сектора, ретейла, IT, транспорта и логистики. Это не первая атака Bloody Wolf. В 2023 году группировка атаковала организации в Казахстане, рассылая фишинговые письма якобы от регуляторов. Тогда использовался троян STRRAT, позволявший удалённо управлять заражёнными устройствами.Киберпреступники атаковали как минимум 400 организаций России и стран СНГ, используя легитимный инструмент удаленного доступа NetSupport. Вредоносная кампания проходила под видом официальных уведомлений от государственных органов — в фишинговых письмах содержались персонализированные данные жертв.",https://habr.com/ru/companies/bothub/news/884024/,2025-02-19 22:22:22
88,InfoWatch,"2025-02-18, 12:12",Параметры InfoWatch ARMA Стена (NGFW) подтверждены в тестировании ГК MONT,"Межсетевой экран нового поколения InfoWatch ARMA Стена (NGFW) прошел тестирование на стороне компании ГК MONT. Технические эксперты отметили быстрый отклик, мгновенное применение настроек, возможность управления конфигурациями. Положительно отмечена работа техподдержки.Параметры тестаНа тест взята InfoWatch ARMA Стена (NGFW) версии 4.4.2. Аппаратное обеспечение от InfoWatch —десктопный ПК с дополнительной сетевой картой и ПО, плюс ПК для подключения к NGFW по протоколу SSH и вспомогательное оборудование.Тестирование проведено в условиях реальной корпоративной сети ГК MONT.В тестах испытаны:",https://habr.com/ru/companies/bothub/news/884024/,2025-02-19 22:22:24
89,LizzieSimpson,"2025-02-18, 12:07",Минэк раскритиковал предложение об авторизации на маркетплейсах по биометрии,"Министерство экономического развития РФ раскритиковало инициативу Министерства цифрового развития, касающуюся использования биометрии для идентификации продавцов и покупателей на маркетплейсах. Эту меру включили в проект федерального закона «О создании государственных информационных систем (ГИС) по противодействию правонарушениям, совершаемым с использованием информационно‑телекоммуникационных технологий», который передали в Госдуму 15 февраля.",https://habr.com/ru/companies/bothub/news/884024/,2025-02-19 22:22:26
90,maybe_elf,"2025-02-18, 12:07",AMD устранила шесть уязвимостей в процессорах EPYC и Ryzen,AMD объявила об устранении шести уязвимостей в процессорах линеек EPYC и Ryzen. Три из них позволяли удалённо выполнить код на высшем уровне SMM.,https://habr.com/ru/companies/bothub/news/884024/,2025-02-19 22:22:27
91,Travis_Macrif,"2025-02-18, 12:00","Исследователи обнаружили первые в Рунете киберпреступления, связанные с темой цифрового рубля","В Рунете обнаружили первые киберпреступления, связанные с темой цифрового рубля. Речь идёт о схемах продажи флеш-накопителей с якобы цифровыми рублями, разных формах квазиинвестирования, фишинге и других мошеннических действиях. Об этом «Известиям» сообщил руководитель департамента информационно-аналитических исследований T. Hunter Игорь Бедеров.",https://habr.com/ru/companies/bothub/news/884024/,2025-02-19 22:22:30
92,maybe_elf,"2025-02-18, 11:47",Microsoft потребовала учётную запись для работы с Notepad на ПК с Copilot+,"Пользователи ПК с Copilot+ столкнулись с появлением всплывающего окна, которое требует от них использовать учётную запись Microsoft для работы в Notepad. При этом пользователи Windows 11 по-прежнему могут открывать обновлённый сервис, не входя в аккаунт.",https://habr.com/ru/companies/bothub/news/884024/,2025-02-19 22:22:32
93,Author_GNIVC,"2025-02-18, 11:32",Трансформация: от прошлого к будущему,"Что стоит за процессом трансформации компании? Как начать этот непростой путь и какие препятствия могут встретиться на нем?В нашем новом эпизоде подкаста IT`s GNIVC мы погружаемся в мир трансформации с двумя выдающимися экспертами — Дашей и Ксенией.✨ В первом блоке Даша поделилась опытом трансформации ГНИВЦ: как возникла идея изменений, какие методики сработали, а что пришлось адаптировать на ходу. Узнайте, как сотрудники реагировали на перемены и какие результаты удалось достичь после трех лет работы!✨ Во втором блоке Ксения рассказала о своем опыте в телеком-индустрии и о том, как справляться с сопротивлением на всех уровнях. Мы обсудили, чем отличается процесс трансформации в крупных корпорациях от изменений в рамках одной компании, и какие сложности могут возникнуть.✨ В третьем блоке заглянули в будущее! Какие тренды будут определять трансформацию в 2025 году? Как правильно оценивать результаты и что важнее: стандартизация или развитие внутреннего потенциала?💡 Будьте готовы к увлекательным инсайтам и практическим советам о том, как управлять изменениями и работать в команде, чтобы достичь лучших результатов.Не пропустите этот эпизод — он может стать вашим путеводителем по миру корпоративных изменений! 🎧👀 Смотрите в VK Video и RutubeЖдём ваших реакций💜#ГНИВЦподкаст",https://habr.com/ru/companies/bothub/news/884024/,2025-02-19 22:22:34
94,maybe_elf,"2025-02-18, 11:17",Стартап Firecrawl опубликовал в Y Combinator вакансию «только для ИИ-агентов» за $15000 в год,"Стартап Firecrawl на прошлой неделе опубликовал на доске Y Combinator объявление о вакансии, предназначенное для ИИ-агента. Он предлагает зарплату от $10 до $15 тысяч в год.",https://habr.com/ru/companies/bothub/news/884024/,2025-02-19 22:22:36
95,Travis_Macrif,"2025-02-18, 11:13",Соцсеть X начала блокировать ссылки на Signal,"Социальная сеть X начала блокировать ссылки на Signal.me — это URL сервиса для обмена зашифрованными сообщениями Signal. Попытки разместить ссылки Signal.me через посты, личные сообщения или биографию профиля приводят к ошибкам, уведомляющим о рисках спама и вредоносного программного обеспечения.",https://habr.com/ru/companies/bothub/news/884024/,2025-02-19 22:22:37
96,LizzieSimpson,"2025-02-18, 11:09",VK Education открыл набор на бесплатные образовательные программы в IT и digital,"VK Education открывает набор студентов на бесплатные образовательные курсы и программы по IT, digital и креативным специальностям. В рамках обучения предлагаются: открытые онлайн‑лектории в «VK Видео»; асинхронные курсы для новичков; углублённые курсы с серьёзным отбором; программа проектной деятельности VK Education Projects. Об этом Хабру рассказали в пресс‑службе VK.",https://habr.com/ru/companies/bothub/news/884024/,2025-02-19 22:22:38
97,EditorF6,"2025-02-18, 10:42",Чип-потрошитель: число атак на клиентов российских банков с использованием NFCGate за месяц выросло на 80%,"Компания F6, ведущий разработчик технологий для борьбы с киберпреступностью, фиксирует стремительный рост активности мошенников, использующих для атак на клиентов российских банков вредоносный софт на основе легитимного приложения NFCGate. За месяц число подтверждённых атак увеличилось на 80%, средняя сумма ущерба выросла вдвое – до ₽200 тыс., а общая сумма ущерба – более чем в три раза и составила около ₽150 млн. Аналитики F6 предупреждают: многие пользователи находятся под угрозой кражи денег со счетов с использованием NFCGate, не подозревая об этом. Сейчас в России насчитывается как минимум 114 тыс. скомпрометированных Android-устройств, на которых установлено это вредоносное ПО, способное через NFC-модули перехватывать и передавать данные банковских карт. Эти программы маскируются под приложения банков, госсервисов, мобильных операторов и даже популярных антивирусов.",https://habr.com/ru/companies/bothub/news/884024/,2025-02-19 22:22:40
98,denis-19,"2025-02-18, 10:07","Эксперты пояснили, почему в базе данных системы социального обеспечения США есть пользователи с возрастом более 150 лет","Профильные эксперты пояснили изданию Wired, почему в базе данных информационной системы Службы социального обеспечения США значится больше людей, чем проживающих в стране граждан, а также присутствуют лица в возрасте более 150 лет.",https://habr.com/ru/companies/bothub/news/884024/,2025-02-19 22:22:41
99,daniilshat,"2025-02-18, 10:07",Qualcomm представила мобильный процессор Snapdragon 6 Gen 4 с улучшенной производительностью в играх,"Компания Qualcomm представила мобильный процессор Snapdragon 6 Gen 4 с улучшенной производительностью и энергоэффективностью при работе с графикой, нейросетями и сложными задачами. Также отмечается, что это первое поколение Snapdragon 6, построенное на базе 4-нанометрового техпроцесса TSMC. Предыдущие поколения — 6 нм для производства TSMC и 4 нм для производства Samsung.",https://habr.com/ru/companies/bothub/news/884024/,2025-02-19 22:22:42
100,Travis_Macrif,"2025-02-18, 09:57",Четверть проданных в 2024 году смартфонов имели среднюю цену $600 и выше,"Порядка 25% смартфонов, проданных в мире за 2024 год, имели среднюю стоимость $600 или выше, демонстрирует отчёт Counterpoint. Исследователи указали на тенденцию роста премиализации на рынке смартфонов, всё больше людей покупают дорогие телефоны, чем раньше.",https://habr.com/ru/companies/bothub/news/884024/,2025-02-19 22:22:43
